{
  "name": "crgram",
  "version": "0.1.0",
  "private": true,
  "scripts": {
    "dev": "next dev -p 3000",
    "build": "prisma generate && prisma migrate deploy && next build",
    "start": "next start",
    "lint": "next lint",
    "prisma:studio": "prisma studio"
  },
  "dependencies": {
    "@prisma/client": "^5.0.0",
    "axios": "^1.4.0",
    "cloudinary": "^1.30.0",
    "next": "14.0.0",
    "next-auth": "^4.23.0",
    "react": "18.2.0",
    "react-dom": "18.2.0",
    "swr": "^2.1.0"
  },
  "devDependencies": {
    "prisma": "^5.0.0",
    "tailwindcss": "^3.5.0",
    "postcss": "^8.4.0",
    "autoprefixer": "^10.4.0",
    "formidable": "^3.5.2"
  }
}